City_ID,City,Country,Date,Lat,Lng,Max Temp,Humidity,Cloudiness,Wind Speed
0,Skelleftea,SE,2020-12-26 13:56:53,64.75,20.95,21.2,92,100,3.36
1,Mount Isa,AU,2020-12-26 13:58:41,-20.73,139.5,80.6,74,40,5.82
2,Ushuaia,AR,2020-12-26 13:58:42,-54.8,-68.3,59.0,41,40,17.22
3,Ishinomaki,JP,2020-12-26 13:58:42,38.42,141.3,33.85,89,8,6.64
4,Punta Arenas,CL,2020-12-26 13:58:42,-53.15,-70.92,59.0,54,75,17.22
5,Smithers,CA,2020-12-26 13:58:42,54.78,-127.17,22.51,93,100,1.05
6,Jamestown,US,2020-12-26 13:58:43,42.1,-79.24,15.01,85,90,17.13
7,Margate,GB,2020-12-26 13:56:22,51.38,1.39,48.99,77,100,7.0
8,Port Alfred,ZA,2020-12-26 13:58:44,-33.59,26.89,75.99,82,0,3.0
9,Zhanakorgan,KZ,2020-12-26 13:58:44,43.91,67.25,25.48,96,100,9.82
10,Palakkad,IN,2020-12-26 13:58:44,10.78,76.65,77.0,50,0,3.36
11,Pemangkat,ID,2020-12-26 13:58:44,1.17,108.97,79.03,85,100,9.69
12,Busselton,AU,2020-12-26 13:57:52,-33.65,115.33,57.99,85,7,3.0
13,Syava,RU,2020-12-26 13:58:45,58.01,46.32,19.65,97,100,9.01
14,Bay Roberts,CA,2020-12-26 13:58:45,47.6,-53.26,39.99,86,20,20.8
15,Mungaoli,IN,2020-12-26 13:58:45,24.42,78.1,61.05,32,0,2.93
16,Castro,BR,2020-12-26 13:58:45,-24.79,-50.01,72.7,56,88,6.13
17,Rawson,AR,2020-12-26 13:58:46,-43.3,-65.1,75.72,45,49,4.9
18,San Ignacio,BZ,2020-12-26 13:56:55,17.16,-89.07,63.0,93,75,4.7
19,Faya,SA,2020-12-26 13:58:46,18.39,42.45,68.0,37,0,6.93
20,Salalah,OM,2020-12-26 13:57:48,17.02,54.09,84.2,26,0,20.8
21,New Norfolk,AU,2020-12-26 13:58:47,-42.78,147.06,60.8,77,90,8.05
22,Miri,MY,2020-12-26 13:58:47,4.41,114.01,78.8,94,40,1.12
23,Vila Franca Do Campo,PT,2020-12-26 13:58:47,37.72,-25.43,60.8,67,75,19.46
24,Mataura,NZ,2020-12-26 13:58:48,-46.19,168.86,44.01,81,64,1.74
25,Narsaq,GL,2020-12-26 13:58:48,60.92,-46.05,10.4,51,10,2.24
26,Saldanha,ZA,2020-12-26 13:58:48,-33.01,17.94,77.0,53,26,17.22
27,Sitka,US,2020-12-26 13:58:49,57.05,-135.33,39.2,93,90,10.29
28,Podgornoye,RU,2020-12-26 13:58:49,51.73,39.15,33.8,86,90,6.71
29,Bohicon,BJ,2020-12-26 13:58:49,7.18,2.07,98.6,15,87,5.46
30,Norman Wells,CA,2020-12-26 13:58:49,65.28,-126.83,-7.6,83,5,3.36
31,Vardo,NO,2020-12-26 13:58:49,70.37,31.11,15.8,66,20,19.46
32,Galle,LK,2020-12-26 13:58:50,6.04,80.22,78.94,81,76,5.39
33,Grand Gaube,MU,2020-12-26 13:58:50,-20.01,57.66,80.01,84,81,7.0
34,Lebu,CL,2020-12-26 13:58:50,-37.62,-73.65,62.98,81,21,17.38
35,Orgovany,HU,2020-12-26 13:58:50,46.75,19.47,39.99,69,0,6.93
36,Lompoc,US,2020-12-26 13:54:57,34.64,-120.46,50.0,87,90,5.82
37,Rikitea,PF,2020-12-26 13:58:51,-23.12,-134.97,77.07,80,100,14.81
38,Puerto Ayora,EC,2020-12-26 13:58:51,-0.74,-90.35,73.0,94,100,5.01
39,Takaka,NZ,2020-12-26 13:58:52,-40.85,172.8,50.0,87,100,1.01
40,Hirara,JP,2020-12-26 13:58:52,24.8,125.28,70.63,76,16,21.34
41,Kahului,US,2020-12-26 13:58:12,20.89,-156.47,73.4,69,40,12.75
42,Tuktoyaktuk,CA,2020-12-26 13:58:53,69.45,-133.04,9.7,92,100,8.28
43,Tautira,PF,2020-12-26 13:58:53,-17.73,-149.15,78.8,88,75,6.93
44,Severo-Kurilsk,RU,2020-12-26 13:58:53,50.68,156.12,22.89,91,90,9.64
45,Esperance,AU,2020-12-26 13:58:06,-33.87,121.9,57.2,93,75,17.22
46,Yellowknife,CA,2020-12-26 13:58:54,62.46,-114.35,-11.0,76,75,3.36
47,Dunedin,NZ,2020-12-26 13:58:45,-45.87,170.5,48.99,67,26,4.68
48,Darnah,LY,2020-12-26 13:58:54,32.77,22.64,66.0,55,50,8.08
49,East London,ZA,2020-12-26 13:55:32,-33.02,27.91,77.0,69,40,12.75
50,Atuona,PF,2020-12-26 13:58:55,-9.8,-139.03,77.79,72,74,12.19
51,Dwarka,IN,2020-12-26 13:58:55,22.24,68.97,72.45,57,0,13.53
52,Bud,US,2020-12-26 13:58:55,39.45,-86.18,18.0,72,1,4.7
53,Abu Dhabi,AE,2020-12-26 13:54:07,24.47,54.37,71.6,46,0,11.41
54,Georgetown,MY,2020-12-26 13:58:56,5.41,100.34,77.0,94,40,1.12
55,Ribeira Grande,PT,2020-12-26 13:58:56,38.52,-28.7,60.8,63,20,24.16
56,Gossaigaon,IN,2020-12-26 13:58:56,26.45,89.99,62.44,60,0,2.44
57,Muisne,EC,2020-12-26 13:58:57,0.6,-80.03,75.2,88,90,4.7
58,Hermanus,ZA,2020-12-26 13:58:57,-34.42,19.23,75.0,65,0,7.0
59,Bluff,NZ,2020-12-26 13:58:57,-46.6,168.33,44.01,81,86,4.47
60,Yingkou,CN,2020-12-26 13:58:58,40.66,122.23,28.26,93,0,6.22
61,Bengkulu,ID,2020-12-26 13:58:58,-3.8,102.27,79.14,84,100,3.49
62,Svarstad,NO,2020-12-26 13:58:58,59.4,9.97,39.0,82,100,7.9
63,Vaini,TO,2020-12-26 13:58:58,-21.2,-175.2,77.0,94,40,4.7
64,Avarua,CK,2020-12-26 13:58:59,-21.21,-159.78,69.8,100,96,2.24
65,Havre-Saint-Pierre,CA,2020-12-26 13:58:59,50.23,-63.6,46.4,100,90,14.99
66,Pinega,RU,2020-12-26 13:58:59,64.7,43.39,-4.4,91,100,8.16
67,Ipixuna,BR,2020-12-26 13:59:00,-1.76,-48.8,84.2,70,75,9.17
68,Auki,SB,2020-12-26 13:59:01,-8.77,160.7,79.25,84,100,2.21
69,Bambous Virieux,MU,2020-12-26 13:59:01,-20.34,57.76,82.4,74,75,16.11
70,Doha,QA,2020-12-26 13:59:01,25.29,51.53,68.0,49,0,18.34
71,Zlobin,HR,2020-12-26 13:59:01,45.29,14.65,30.0,90,55,27.78
72,Bonnyville,CA,2020-12-26 13:59:02,54.27,-110.73,24.8,79,90,4.7
73,Albany,US,2020-12-26 13:57:20,42.6,-73.97,26.01,63,72,5.01
74,Mitsamiouli,KM,2020-12-26 13:59:02,-11.38,43.28,83.98,74,10,10.36
75,Nioro,GM,2020-12-26 13:59:02,13.35,-15.75,98.06,11,11,12.08
76,Berlevag,NO,2020-12-26 13:59:03,70.86,29.09,19.2,90,26,23.38
77,Arraial Do Cabo,BR,2020-12-26 13:59:03,-22.97,-42.03,80.6,74,40,9.17
78,Khatanga,RU,2020-12-26 13:59:04,71.97,102.5,-29.02,84,79,8.28
79,Hasaki,JP,2020-12-26 13:59:04,35.73,140.83,33.8,69,20,4.7
80,Upernavik,GL,2020-12-26 13:59:05,72.79,-56.15,-10.73,88,10,11.18
81,Port Augusta,AU,2020-12-26 13:59:05,-32.5,137.77,80.01,50,94,5.82
82,Dikson,RU,2020-12-26 13:59:05,73.51,80.55,-12.33,86,48,8.19
83,Homer,US,2020-12-26 13:59:06,59.64,-151.55,34.0,86,1,0.92
84,Sarangani,PH,2020-12-26 13:59:06,5.4,125.46,81.77,76,100,8.19
85,Chuy,UY,2020-12-26 13:59:06,-33.7,-53.46,76.73,59,97,14.36
86,Airai,TL,2020-12-26 13:59:07,-8.93,125.41,62.38,100,100,0.27
87,Hovd,MN,2020-12-26 13:59:07,48.01,91.64,3.96,88,0,2.17
88,Kapaa,US,2020-12-26 13:59:07,22.08,-159.32,73.4,83,75,24.16
89,Hobart,AU,2020-12-26 13:54:41,-42.88,147.33,60.8,77,90,8.05
90,Mattru,SL,2020-12-26 13:59:08,7.62,-11.83,92.41,44,69,2.3
91,Flagstaff,US,2020-12-26 13:57:03,35.2,-111.65,26.01,61,1,5.82
92,Bredasdorp,ZA,2020-12-26 13:59:08,-34.53,20.04,78.8,50,0,12.75
93,Mishelevka,RU,2020-12-26 13:59:09,52.86,103.17,-11.74,88,100,2.59
94,Karaton,ID,2020-12-26 13:59:09,-6.34,106.1,86.0,74,20,8.05
95,Saskylakh,RU,2020-12-26 13:59:09,71.92,114.08,-13.25,88,100,13.98
96,Vestmannaeyjar,IS,2020-12-26 13:59:10,63.44,-20.27,26.6,92,20,8.05
97,Portland,US,2020-12-26 13:58:39,45.52,-122.68,46.0,95,85,1.99
98,Camapua,BR,2020-12-26 13:59:10,-19.53,-54.04,89.64,42,0,7.58
99,Carnarvon,AU,2020-12-26 13:59:10,-24.87,113.63,75.2,100,40,24.16
100,Laja,CL,2020-12-26 13:59:10,-37.27,-72.7,64.4,72,75,13.87
101,Klaksvik,FO,2020-12-26 13:59:11,62.23,-6.59,39.2,100,100,9.17
102,Solnechnyy,RU,2020-12-26 13:59:11,50.72,136.63,-12.48,88,100,0.92
103,Hede,CN,2020-12-26 13:59:11,33.77,120.25,47.43,80,100,6.04
104,Semirom,IR,2020-12-26 13:59:12,31.42,51.57,21.25,73,0,4.09
105,Cidreira,BR,2020-12-26 13:59:12,-30.18,-50.21,76.57,71,99,13.98
106,Komsomolskiy,UZ,2020-12-26 13:59:13,40.43,71.72,35.6,76,75,6.93
107,Carbondale,US,2020-12-26 13:55:35,37.73,-89.22,27.0,73,1,8.05
108,Kaitangata,NZ,2020-12-26 13:59:13,-46.28,169.85,46.0,78,5,5.01
109,Ahipara,NZ,2020-12-26 13:59:14,-35.17,173.17,56.61,79,0,8.77
110,Marshall,US,2020-12-26 13:59:14,34.38,-86.33,26.01,85,1,2.95
111,Altagracia De Orituco,VE,2020-12-26 13:59:14,9.86,-66.38,80.78,62,23,4.34
112,Jalu,LY,2020-12-26 13:59:14,29.03,21.55,67.91,38,0,3.8
113,Hamilton,US,2020-12-26 13:55:44,39.18,-84.53,17.01,66,1,10.29
114,Saint-Augustin,CA,2020-12-26 13:59:15,51.23,-58.65,40.57,92,69,10.04
115,Tiksi,RU,2020-12-26 13:59:15,71.69,128.87,-11.87,90,100,7.74
116,Vila Velha,BR,2020-12-26 13:55:24,-20.33,-40.29,82.4,69,40,5.82
117,Provideniya,RU,2020-12-26 13:59:16,64.38,-173.3,17.55,84,100,11.43
118,Boa Vista,BR,2020-12-26 13:55:09,2.82,-60.67,82.4,69,90,5.82
119,Oussouye,SN,2020-12-26 13:59:16,12.48,-16.55,84.2,51,0,4.7
120,La Ronge,CA,2020-12-26 13:59:16,55.1,-105.28,5.0,92,54,2.24
121,Unai,BR,2020-12-26 13:59:16,-16.36,-46.91,81.61,63,71,3.8
122,Mahebourg,MU,2020-12-26 13:59:17,-20.41,57.7,82.4,74,75,16.11
123,Ginir,ET,2020-12-26 13:59:17,7.13,40.7,71.73,28,0,12.19
124,Hithadhoo,MV,2020-12-26 13:57:04,-0.6,73.08,82.33,66,1,5.73
125,Mao,ES,2020-12-26 13:59:17,39.89,4.27,46.4,61,75,17.22
126,Ati,TD,2020-12-26 13:59:18,13.22,18.34,90.25,13,0,10.45
127,Kwinana,AU,2020-12-26 13:59:18,-32.25,115.77,78.01,36,0,14.99
128,Nikolskoye,RU,2020-12-26 13:59:18,59.7,30.79,23.0,85,75,8.95
129,Mar Del Plata,AR,2020-12-26 13:59:18,-38.0,-57.56,75.2,78,75,12.75
130,Smoky Lake,CA,2020-12-26 13:59:18,54.12,-112.47,23.0,92,95,3.36
131,Saint George,US,2020-12-26 13:59:19,37.1,-113.58,26.6,38,1,4.14
132,Faanui,PF,2020-12-26 13:59:19,-16.48,-151.75,80.35,73,100,8.59
133,Thompson,CA,2020-12-26 13:59:19,55.74,-97.86,-18.4,82,75,2.24
134,San Patricio,US,2020-12-26 13:59:19,28.02,-97.52,46.99,75,1,5.73
135,Half Moon Bay,US,2020-12-26 13:59:20,37.46,-122.43,55.4,82,40,6.93
136,Riyadh,SA,2020-12-26 13:56:06,24.69,46.72,60.8,14,0,8.05
137,Kitob,UZ,2020-12-26 13:59:20,39.08,66.83,32.07,97,100,7.05
138,Port Lincoln,AU,2020-12-26 13:59:20,-34.73,135.87,73.33,47,100,11.63
139,Roma,US,2020-12-26 13:59:20,43.21,-75.46,24.8,62,90,6.93
140,Bull Savanna,JM,2020-12-26 13:59:21,17.89,-77.59,74.98,78,8,9.01
141,Vostok,RU,2020-12-26 13:59:21,46.49,135.88,-16.71,89,23,6.26
142,Meulaboh,ID,2020-12-26 13:59:21,4.14,96.13,77.83,85,100,7.31
143,Luban,PL,2020-12-26 13:58:48,51.12,15.29,35.01,68,51,5.99
144,Kidal,ML,2020-12-26 13:59:21,18.44,1.41,82.62,14,100,11.39
145,Coquimbo,CL,2020-12-26 13:59:22,-29.95,-71.34,59.0,93,90,3.36
146,Kodiak,US,2020-12-26 13:59:12,57.79,-152.41,30.2,92,75,4.7
147,Hilo,US,2020-12-26 13:59:22,19.73,-155.09,66.2,77,1,6.93
148,Qaanaaq,GL,2020-12-26 13:59:22,77.48,-69.36,-13.0,82,32,1.41
149,San Quintin,MX,2020-12-26 13:59:22,30.48,-115.95,57.33,69,0,5.95
150,Biltine,TD,2020-12-26 13:59:23,14.53,20.92,88.92,13,64,10.16
151,Baturaja,ID,2020-12-26 13:59:23,-4.13,104.17,77.0,90,100,1.34
152,Council Bluffs,US,2020-12-26 13:59:23,41.26,-95.86,21.2,92,75,4.59
153,Kijang,KR,2020-12-26 13:59:23,35.24,129.21,32.0,60,0,3.36
154,Aguimes,ES,2020-12-26 13:59:24,27.91,-15.45,71.01,77,20,13.87
155,Chadan,RU,2020-12-26 13:59:24,51.28,91.58,-8.77,82,1,1.07
156,Castanos,MX,2020-12-26 13:59:24,26.78,-101.42,45.0,18,71,4.0
157,Ondjiva,AO,2020-12-26 13:59:24,-17.07,15.73,91.47,33,67,4.68
158,Mount Gambier,AU,2020-12-26 13:59:25,-37.83,140.77,68.0,52,40,5.82
159,Soltsy,RU,2020-12-26 13:59:25,58.12,30.32,23.81,97,100,7.94
160,Acapulco,MX,2020-12-26 13:57:56,16.86,-99.89,77.0,88,90,3.13
161,Cape Town,ZA,2020-12-26 13:59:25,-33.93,18.42,78.8,54,0,11.41
162,Riverton,US,2020-12-26 13:59:26,40.52,-111.94,34.0,54,100,5.99
163,Inhambane,MZ,2020-12-26 13:59:26,-23.86,35.38,84.2,79,75,11.41
164,Nago,JP,2020-12-26 13:59:26,26.59,127.98,62.6,72,40,6.93
165,Iqaluit,CA,2020-12-26 13:59:26,63.75,-68.51,-18.4,68,20,5.82
166,Warwick,US,2020-12-26 13:56:09,41.7,-71.42,28.99,63,20,17.22
167,Saint-Philippe,RE,2020-12-26 13:59:27,-21.36,55.77,86.0,66,20,8.05
168,Boromlya,UA,2020-12-26 13:59:27,50.62,34.97,29.79,97,73,7.96
169,Yerbogachen,RU,2020-12-26 13:59:27,61.28,108.01,-35.43,82,59,3.06
170,Carmo Do Rio Claro,BR,2020-12-26 13:59:27,-20.97,-46.12,69.58,87,96,9.15
171,Nuevitas,CU,2020-12-26 13:59:27,21.55,-77.26,64.4,77,75,11.41
172,Malanje,AO,2020-12-26 13:59:28,-9.54,16.34,77.0,78,91,5.79
173,Clyde River,CA,2020-12-26 13:59:28,70.47,-68.59,-20.2,82,0,4.7
174,Luderitz,NA,2020-12-26 13:59:28,-26.65,15.16,73.4,64,2,24.16
175,Tuatapere,NZ,2020-12-26 13:59:28,-46.13,167.68,44.01,81,3,3.62
176,Barrow,US,2020-12-26 13:59:28,71.29,-156.79,-9.4,76,40,6.93
177,Ponta Do Sol,PT,2020-12-26 13:59:28,32.67,-17.1,70.0,77,75,17.22
178,Carutapera,BR,2020-12-26 13:59:29,-1.2,-46.02,86.67,58,96,10.36
179,Longyearbyen,SJ,2020-12-26 13:59:29,78.22,15.64,28.4,68,75,21.92
180,Shieli,KZ,2020-12-26 13:59:29,44.17,66.75,22.32,97,70,11.92
181,Sindou,BF,2020-12-26 13:59:30,10.67,-5.17,96.53,11,100,10.69
182,Taga,RO,2020-12-26 13:59:30,46.95,24.05,37.4,74,0,10.29
183,Honningsvag,NO,2020-12-26 13:59:30,70.98,25.97,18.99,89,0,32.64
184,Port Elizabeth,ZA,2020-12-26 13:59:31,-33.92,25.57,78.8,50,0,11.41
185,Artvin,TR,2020-12-26 13:59:29,41.17,41.83,57.2,76,0,20.8
186,Pec,XK,2020-12-26 13:59:31,42.66,20.29,35.6,74,75,16.11
187,Tromso,NO,2020-12-26 13:59:31,69.65,18.96,23.0,57,0,36.91
188,Jiaonan,CN,2020-12-26 13:59:31,35.88,119.98,48.99,76,75,8.95
189,Tortoli,IT,2020-12-26 13:59:32,39.93,9.66,53.6,46,40,9.17
190,Dubbo,AU,2020-12-26 13:59:32,-32.25,148.62,68.0,77,40,10.29
191,Katsuura,JP,2020-12-26 13:59:32,35.13,140.3,50.0,59,75,6.93
192,Kalmunai,LK,2020-12-26 13:59:32,7.42,81.82,77.29,87,82,13.42
193,Ayan,RU,2020-12-26 13:59:32,56.45,138.17,-23.69,78,100,16.06
194,Choya,RU,2020-12-26 13:59:33,52.01,86.55,-17.46,86,31,0.56
195,Te Anau,NZ,2020-12-26 13:59:33,-45.42,167.72,38.35,87,21,3.33
196,Buenos Aires,AR,2020-12-26 13:55:46,-34.61,-58.38,79.0,73,20,11.41
197,Chokurdakh,RU,2020-12-26 13:59:33,70.63,147.92,-15.86,90,100,6.96
198,Alofi,NU,2020-12-26 13:59:34,-19.06,-169.92,71.6,94,4,1.12
199,Charleville,AU,2020-12-26 13:59:34,-26.4,146.25,80.6,36,99,5.82
200,Cayenne,GF,2020-12-26 13:59:34,4.93,-52.33,86.0,70,75,4.7
201,Ayni,TJ,2020-12-26 13:59:34,39.39,68.54,33.78,83,100,5.53
202,Amapa,BR,2020-12-26 13:59:35,1.0,-52.0,88.23,51,74,4.83
203,Pevek,RU,2020-12-26 13:59:35,69.7,170.31,-25.49,82,0,8.1
204,Souillac,MU,2020-12-26 13:59:35,-20.52,57.52,82.4,74,75,16.11
205,Coihaique,CL,2020-12-26 13:59:35,-45.58,-72.07,66.2,59,75,8.05
206,Tharad,IN,2020-12-26 13:58:16,24.4,71.63,67.89,38,0,5.64
207,Beira,MZ,2020-12-26 13:59:36,-19.84,34.84,87.8,74,75,17.22
208,Isangel,VU,2020-12-26 13:59:36,-19.55,169.27,78.28,80,100,6.13
209,Gouyave,GD,2020-12-26 13:59:36,12.16,-61.73,84.2,70,20,16.11
210,Cascais,PT,2020-12-26 13:59:36,38.7,-9.42,53.01,40,0,10.29
211,Victoria,HK,2020-12-26 13:56:48,22.29,114.16,66.99,81,1,9.15
212,Ternate,ID,2020-12-26 13:59:37,0.8,127.4,79.14,83,100,5.46
213,College,US,2020-12-26 13:59:37,64.86,-147.8,7.0,76,1,3.36
214,Rucheng,CN,2020-12-26 13:59:37,32.39,120.56,50.0,64,100,6.29
215,Kloulklubed,PW,2020-12-26 13:59:38,7.04,134.26,77.0,94,75,3.36
216,Bell Ville,AR,2020-12-26 13:59:38,-32.63,-62.69,89.01,52,0,1.99
217,Hutchinson,US,2020-12-26 13:59:38,38.06,-97.93,24.8,79,1,6.87
218,Campeche,MX,2020-12-26 13:56:13,19.0,-90.5,60.91,73,41,2.48
219,Gimli,CA,2020-12-26 13:59:38,50.63,-96.99,17.6,72,96,11.41
220,Walvis Bay,NA,2020-12-26 13:59:39,-22.96,14.51,71.6,68,0,11.41
221,Port Hedland,AU,2020-12-26 13:59:39,-20.32,118.57,86.0,74,40,9.17
222,Vila,PT,2020-12-26 13:59:39,42.03,-8.16,46.99,60,0,1.99
223,Kavieng,PG,2020-12-26 13:59:39,-2.57,150.8,83.93,70,55,7.56
224,Tocopilla,CL,2020-12-26 13:59:39,-22.09,-70.2,70.92,58,94,5.93
225,Cabo San Lucas,MX,2020-12-26 13:54:57,22.89,-109.91,59.0,77,5,4.7
226,Karratha,AU,2020-12-26 13:59:40,-20.74,116.85,84.78,60,0,13.98
227,Maningrida,AU,2020-12-26 13:59:40,-12.07,134.27,82.71,79,100,4.52
228,Noyabrsk,RU,2020-12-26 13:59:40,63.2,75.45,-41.13,81,9,2.13
229,Pilani,IN,2020-12-26 13:59:40,28.37,75.6,59.2,34,100,5.93
230,Monforte De Lemos,ES,2020-12-26 13:59:41,42.52,-7.51,48.99,74,0,2.64
231,Taltal,CL,2020-12-26 13:59:41,-25.4,-70.48,68.29,62,0,6.53
232,Baghdad,IQ,2020-12-26 13:58:17,33.34,44.4,57.2,26,0,14.99
233,Ilulissat,GL,2020-12-26 13:59:41,69.22,-51.1,21.2,57,75,10.29
234,San Carlos,VE,2020-12-26 13:59:42,9.66,-68.58,84.58,59,60,1.45
235,Buraydah,SA,2020-12-26 13:58:07,26.33,43.98,59.0,33,40,10.29
236,Richards Bay,ZA,2020-12-26 13:59:42,-28.78,32.04,88.65,57,0,14.81
237,Wanning,CN,2020-12-26 13:59:42,18.8,110.4,71.87,87,94,7.92
238,Arvika,SE,2020-12-26 13:59:42,59.66,12.59,33.8,100,100,8.05
239,Butaritari,KI,2020-12-26 13:59:43,3.07,172.79,80.85,79,14,14.85
240,Honolulu,US,2020-12-26 13:58:12,21.31,-157.86,73.4,78,75,16.44
241,Yebaishou,CN,2020-12-26 13:59:43,41.4,119.64,16.47,90,0,3.6
242,Fairmont,US,2020-12-26 13:59:43,39.49,-80.14,15.01,82,100,1.01
243,Wajima,JP,2020-12-26 13:59:43,37.4,136.9,44.62,71,98,7.14
244,Santa Maria,BR,2020-12-26 13:59:44,-29.68,-53.81,84.06,53,83,6.64
245,Albacete,ES,2020-12-26 13:59:44,38.83,-2.0,41.0,48,0,9.17
246,San Juan,AR,2020-12-26 13:59:44,-31.54,-68.54,86.16,34,0,5.91
247,Malangali,TZ,2020-12-26 13:59:44,-8.57,34.85,67.87,90,100,0.36
248,Gela,IT,2020-12-26 13:59:44,37.08,14.23,53.6,81,75,6.93
249,Bethel,US,2020-12-26 13:59:45,41.37,-73.41,23.0,70,33,1.99
250,Weinan,CN,2020-12-26 13:59:45,34.5,109.51,44.01,74,90,4.47
251,Pisco,PE,2020-12-26 13:59:45,-13.7,-76.22,70.0,83,0,4.7
252,Hambantota,LK,2020-12-26 13:59:45,6.12,81.12,82.4,78,75,2.24
253,Jaynagar,IN,2020-12-26 13:57:02,26.58,86.15,60.57,33,0,3.29
254,Talara,PE,2020-12-26 13:59:46,-4.58,-81.27,69.8,77,0,16.11
255,Nyurba,RU,2020-12-26 13:59:46,63.28,118.33,-29.07,84,98,3.78
256,Krasnoselkup,RU,2020-12-26 13:59:47,65.7,82.47,-34.26,81,0,6.33
257,Buta,CD,2020-12-26 13:59:47,2.79,24.73,86.04,52,100,3.11
258,Samarai,PG,2020-12-26 13:59:47,-10.62,150.67,83.91,74,99,9.86
259,Luanda,AO,2020-12-26 13:57:38,-8.84,13.23,84.2,70,40,10.29
260,Visby,SE,2020-12-26 13:59:47,57.64,18.3,33.8,86,75,8.05
261,Torbay,CA,2020-12-26 13:59:48,47.67,-52.73,41.0,86,20,20.8
262,Ambilobe,MG,2020-12-26 13:59:48,-13.2,49.05,83.08,74,100,10.78
263,Soyaux,FR,2020-12-26 13:59:48,45.65,0.2,41.0,80,90,5.82
264,Codrington,AU,2020-12-26 13:59:48,-38.27,141.97,64.67,57,100,4.99
265,Makakilo City,US,2020-12-26 13:59:49,21.35,-158.09,73.4,88,75,13.58
266,Lazaro Cardenas,MX,2020-12-26 13:59:49,17.96,-102.2,71.96,86,23,4.74
267,Haimen,CN,2020-12-26 13:57:23,23.19,116.61,62.6,77,0,4.47
268,Ceglie Messapica,IT,2020-12-26 13:59:49,40.64,17.52,53.01,83,100,1.01
269,Lata,PT,2020-12-26 13:59:49,40.16,-8.33,55.0,44,0,2.24
270,Flinders,AU,2020-12-26 13:59:50,-34.58,150.86,68.0,1,84,3.0
271,Ossora,RU,2020-12-26 13:59:50,59.24,163.07,7.77,94,100,9.62
272,Juneau,US,2020-12-26 13:56:01,58.3,-134.42,36.0,93,90,5.75
273,Olinda,BR,2020-12-26 13:59:50,-8.01,-34.86,82.4,54,75,10.29
274,Taoudenni,ML,2020-12-26 13:59:51,22.68,-3.98,84.56,14,12,2.77
275,Mbanza-Ngungu,CD,2020-12-26 13:59:51,-5.25,14.87,80.13,83,100,5.48
276,Itacoatiara,BR,2020-12-26 13:57:52,-3.14,-58.44,77.58,88,99,3.09
277,Yulara,AU,2020-12-26 13:59:51,-25.24,130.99,84.2,17,0,6.93
278,Batemans Bay,AU,2020-12-26 13:59:52,-35.72,150.18,64.0,88,41,5.19
279,Whitehorse,CA,2020-12-26 13:59:52,60.72,-135.05,12.2,92,75,18.34
280,Najran,SA,2020-12-26 13:55:11,17.49,44.13,71.6,33,0,9.17
281,Micula,RO,2020-12-26 13:59:52,47.9,22.95,39.0,69,0,11.41
282,Jumla,NP,2020-12-26 13:59:52,29.27,82.18,39.58,56,77,4.76
283,Esil,KZ,2020-12-26 13:59:53,51.96,66.4,-2.87,90,32,6.87
284,Veraval,IN,2020-12-26 13:59:53,20.9,70.37,74.89,68,59,9.57
285,Soluno-Dmitriyevskoye,RU,2020-12-26 13:59:53,44.4,42.73,26.6,92,16,4.47
286,Qinnan,CN,2020-12-26 13:59:53,33.25,119.91,47.93,81,100,5.48
287,Prainha,BR,2020-12-26 13:59:54,-1.8,-53.48,84.29,61,94,5.1
288,Chute-Aux-Outardes,CA,2020-12-26 13:59:54,49.12,-68.4,33.8,88,90,21.92
289,New Glasgow,CA,2020-12-26 13:59:54,45.58,-62.65,55.4,76,100,32.21
290,Verkhnyaya Inta,RU,2020-12-26 13:59:54,65.98,60.31,-12.3,80,37,18.95
291,Semnan,IR,2020-12-26 13:59:54,35.57,53.4,35.4,73,0,0.92
292,Paamiut,GL,2020-12-26 13:59:55,61.99,-49.67,20.26,79,51,18.05
293,Sydney Mines,CA,2020-12-26 13:59:55,46.24,-60.22,54.0,87,75,27.51
294,Graaff-Reinet,ZA,2020-12-26 13:59:55,-32.25,24.53,97.0,26,0,1.99
295,Inongo,CD,2020-12-26 13:59:55,-1.95,18.27,82.42,62,27,2.06
296,Kailua,US,2020-12-26 13:59:20,21.4,-157.74,73.4,80,75,9.17
297,Rio Grande,BR,2020-12-26 13:56:43,-32.03,-52.1,79.0,69,75,20.8
298,Tayu,ID,2020-12-26 13:59:56,-6.54,111.05,79.23,80,77,3.76
299,Rocha,UY,2020-12-26 13:58:26,-34.48,-54.33,79.68,48,87,13.56
300,Chateaubelair,VC,2020-12-26 13:59:56,13.28,-61.25,80.6,78,40,8.05
301,Bom Jesus,BR,2020-12-26 13:59:57,-9.07,-44.36,88.02,48,100,8.5
302,Odweyne,SO,2020-12-26 13:59:57,9.41,45.06,70.77,34,0,21.0
303,Pochutla,MX,2020-12-26 13:59:57,15.74,-96.47,69.8,77,5,1.48
304,Urusha,RU,2020-12-26 13:59:57,54.05,122.9,-20.45,81,100,2.26
305,Tual,ID,2020-12-26 13:59:58,-5.67,132.75,82.47,78,100,9.89
306,Artyshta,RU,2020-12-26 13:59:58,54.12,86.29,-33.88,85,6,1.43
307,Issenye,TZ,2020-12-26 13:59:58,-2.0,34.33,79.25,57,79,1.88
308,Washington,US,2020-12-26 13:59:58,47.5,-120.5,30.99,95,78,1.28
309,Haileybury,CA,2020-12-26 13:59:58,47.45,-79.64,3.2,77,90,11.41
310,Saiha,IN,2020-12-26 13:59:59,22.48,92.97,56.84,57,0,3.0
311,Murray Bridge,AU,2020-12-26 13:59:59,-35.12,139.27,73.99,42,96,3.76
312,Biloxi,US,2020-12-26 13:55:50,30.4,-88.89,32.0,74,1,4.7
313,Leningradskiy,RU,2020-12-26 13:59:59,69.38,178.42,-8.23,85,0,6.22
314,Dombarovskiy,RU,2020-12-26 14:00:00,50.76,59.54,5.83,94,0,7.07
315,Gunjur,GM,2020-12-26 14:00:00,13.2,-16.73,86.0,37,0,9.17
316,Adana,TR,2020-12-26 14:00:01,36.98,35.29,64.4,25,0,6.93
317,Gigmoto,PH,2020-12-26 14:00:01,13.78,124.39,78.69,89,100,17.16
318,Marystown,CA,2020-12-26 14:00:01,47.17,-55.15,40.08,79,0,12.82
319,Palanga,LT,2020-12-26 14:00:02,55.92,21.07,35.6,93,75,1.12
320,Tadine,NC,2020-12-26 14:00:02,-21.55,167.88,76.48,77,57,8.79
321,Praia,CV,2020-12-26 13:56:40,14.92,-23.51,78.8,61,75,12.75
322,Hay River,CA,2020-12-26 14:00:03,60.82,-115.8,6.8,92,0,2.82
323,Rodas,CU,2020-12-26 14:00:04,22.34,-80.56,57.2,82,20,6.93
324,Tasiilaq,GL,2020-12-26 14:00:04,65.61,-37.64,21.2,57,0,25.81
325,Muyezerskiy,RU,2020-12-26 14:00:05,63.93,31.65,11.43,95,100,7.74
326,Aklavik,CA,2020-12-26 14:00:11,68.22,-135.01,12.2,78,100,6.93
327,Charters Towers,AU,2020-12-26 14:00:14,-20.1,146.27,72.61,90,100,10.33
328,Kudahuvadhoo,MV,2020-12-26 14:00:14,2.67,72.89,83.03,71,17,5.55
329,Sovetskiy,RU,2020-12-26 14:00:25,61.36,63.58,-17.46,88,100,7.9
330,Mangit,UZ,2020-12-26 14:00:29,40.6,70.96,37.4,68,100,4.7
331,Japura,ID,2020-12-26 14:00:31,-0.32,102.35,76.32,95,50,2.8
332,Liepaja,LV,2020-12-26 14:00:33,56.54,21.04,33.8,81,98,3.36
333,Port Blair,IN,2020-12-26 14:00:34,11.67,92.75,80.53,81,100,15.14
334,Abeche,TD,2020-12-26 13:57:25,13.83,20.83,91.2,13,2,4.45
335,Cherskiy,RU,2020-12-26 14:00:34,68.75,161.3,-32.19,79,31,8.32
336,Abu Zabad,SD,2020-12-26 14:00:34,12.35,29.25,88.75,20,2,15.41
337,Hays,US,2020-12-26 14:00:35,30.05,-98.03,46.0,74,1,5.79
338,Urengoy,RU,2020-12-26 14:00:35,65.97,78.37,-37.46,82,0,3.51
339,Gaogou,CN,2020-12-26 14:00:36,34.02,119.19,45.77,81,100,5.19
340,Springbok,ZA,2020-12-26 14:00:36,-29.66,17.89,88.23,23,0,18.21
341,Zomba,MW,2020-12-26 14:00:37,-15.39,35.32,83.03,57,34,6.42
342,Warri,NG,2020-12-26 14:00:37,5.52,5.75,94.64,30,0,4.03
343,Guerrero Negro,MX,2020-12-26 14:00:37,27.98,-114.06,52.99,59,0,3.38
344,Stephenville,US,2020-12-26 13:55:50,32.22,-98.2,44.01,41,1,3.36
345,Isiro,CD,2020-12-26 14:00:37,2.77,27.62,90.99,34,66,2.89
346,The Valley,AI,2020-12-26 14:00:38,18.22,-63.06,80.6,69,40,9.17
347,Sungaipenuh,ID,2020-12-26 13:57:09,-2.08,101.38,66.96,91,100,1.68
348,Fortuna,US,2020-12-26 14:00:39,40.6,-124.16,50.0,87,75,5.97
349,North Bend,US,2020-12-26 14:00:39,43.41,-124.22,46.99,87,40,6.93
350,Preobrazheniye,RU,2020-12-26 14:00:39,42.9,133.91,14.79,76,3,6.51
351,Salisbury,GB,2020-12-26 14:00:39,51.07,-1.8,48.99,87,100,20.8
352,Oxelosund,SE,2020-12-26 14:00:40,58.67,17.1,28.4,92,0,5.82
353,Botou,CN,2020-12-26 14:00:40,38.07,116.57,31.8,86,0,5.32
354,Arlit,NE,2020-12-26 14:00:40,18.74,7.39,78.55,16,50,6.42
355,Progreso,MX,2020-12-26 14:00:09,21.28,-89.67,68.0,77,75,6.53
356,Srostki,RU,2020-12-26 14:00:41,52.42,85.7,-27.6,85,29,0.36
357,Quebec,CA,2020-12-26 13:58:50,46.81,-71.21,30.99,92,100,5.82
358,Meiganga,CM,2020-12-26 14:00:41,6.52,14.3,90.68,20,92,7.65
359,Suluova,TR,2020-12-26 14:00:42,40.83,35.65,53.6,50,40,3.36
360,Nelson Bay,AU,2020-12-26 14:00:42,-32.72,152.15,68.0,93,20,6.93
361,Prince Rupert,CA,2020-12-26 14:00:42,54.32,-130.32,41.0,93,90,3.36
362,Concordia,AR,2020-12-26 14:00:42,-31.39,-58.02,84.2,62,40,9.17
363,San Pedro Del Pinatar,ES,2020-12-26 14:00:43,37.84,-0.79,57.2,24,0,10.29
364,Warrington,GB,2020-12-26 14:00:43,53.39,-2.58,50.0,71,20,16.11
365,Nara,JP,2020-12-26 14:00:43,34.69,135.8,39.99,62,0,2.84
366,Lagoa,PT,2020-12-26 14:00:44,39.05,-27.98,58.37,73,27,25.23
367,Mocuba,MZ,2020-12-26 14:00:44,-16.84,36.99,91.8,50,77,7.58
368,Lukulu,ZM,2020-12-26 14:00:44,-14.37,23.24,81.41,62,99,2.64
369,Malchevskaya,RU,2020-12-26 14:00:44,49.06,40.36,35.04,100,100,7.96
370,Alyangula,AU,2020-12-26 14:00:45,-13.85,136.42,78.8,94,100,6.04
371,Touros,BR,2020-12-26 14:00:45,-5.2,-35.46,86.0,51,40,20.8
372,Carballo,ES,2020-12-26 14:00:45,43.21,-8.69,50.0,61,20,2.24
373,Key West,US,2020-12-26 13:56:14,24.56,-81.78,59.0,71,75,11.41
374,Mendi,PG,2020-12-26 14:00:46,-6.18,143.65,55.51,97,100,2.64
375,Manavgat,TR,2020-12-26 14:00:46,36.79,31.44,59.0,100,75,8.05
376,Naze,JP,2020-12-26 14:00:47,28.37,129.48,57.2,82,75,4.7
377,Lavrentiya,RU,2020-12-26 14:00:47,65.58,-171.0,8.87,89,93,10.33
378,Sola,VU,2020-12-26 14:00:47,-13.88,167.55,82.96,74,100,9.86
379,Nantucket,US,2020-12-26 13:56:09,41.28,-70.1,35.6,64,90,23.04
380,Nome,US,2020-12-26 14:00:48,64.5,-165.41,24.8,85,90,21.92
381,Boguchany,RU,2020-12-26 14:00:48,58.38,97.45,-38.63,78,36,2.08
382,Tanout,NE,2020-12-26 14:00:48,14.97,8.89,79.88,16,3,12.03
383,Mafeteng,LS,2020-12-26 14:00:48,-29.82,27.24,81.97,30,84,14.72
384,Ambulu,ID,2020-12-26 14:00:49,-8.35,113.61,77.85,81,98,1.3
385,Miyako,JP,2020-12-26 13:58:03,39.64,141.95,29.35,87,0,10.02
386,Houma,US,2020-12-26 13:58:08,29.6,-90.72,37.99,72,1,3.91
387,Baryshivka,UA,2020-12-26 14:00:49,50.36,31.32,33.8,86,75,6.71
388,Uvelskiy,RU,2020-12-26 14:00:50,54.44,61.36,3.33,94,60,7.74
389,Mumford,GH,2020-12-26 14:00:50,5.26,-0.76,83.93,70,4,11.7
390,Kazerun,IR,2020-12-26 14:00:50,29.62,51.65,50.99,47,0,1.32
391,Ormara,PK,2020-12-26 14:00:51,25.21,64.64,74.21,35,39,27.85
392,Balaipungut,ID,2020-12-26 14:00:51,1.05,101.28,75.2,94,40,5.82
393,Krasnyy Chikoy,RU,2020-12-26 14:00:51,50.36,108.75,-4.05,88,100,3.18
394,Sorong,ID,2020-12-26 14:00:51,-0.88,131.25,81.59,77,79,5.5
395,Pingliang,CN,2020-12-26 14:00:52,35.54,106.69,27.0,42,0,3.0
396,Isabela,PH,2020-12-26 13:58:02,6.71,121.97,77.81,85,98,4.41
397,Bar Harbor,US,2020-12-26 14:00:52,44.39,-68.2,39.0,69,90,14.99
398,Klyuchi,RU,2020-12-26 14:00:52,52.27,79.17,-25.82,83,43,5.68
399,Ancud,CL,2020-12-26 13:57:02,-41.87,-73.82,64.99,87,75,8.05
400,Baculin,PH,2020-12-26 14:00:53,7.45,126.58,77.5,81,100,6.38
401,Sambava,MG,2020-12-26 14:00:53,-14.27,50.17,84.94,71,100,2.64
402,Port Said,EG,2020-12-26 14:00:53,31.26,32.28,65.41,68,0,17.13
403,Almonte,ES,2020-12-26 14:00:53,37.26,-6.52,54.0,31,0,14.0
404,Knyaze-Volkonskoye,RU,2020-12-26 14:00:54,48.46,135.46,-7.6,48,0,20.13
405,Hillsborough,US,2020-12-26 14:00:54,37.57,-122.38,55.4,76,20,8.05
406,Ulaangom,MN,2020-12-26 14:00:54,49.98,92.07,-3.39,90,95,0.96
407,Hokitika,NZ,2020-12-26 14:00:54,-42.72,170.97,45.95,78,47,6.67
408,Worland,US,2020-12-26 14:00:55,44.02,-107.96,14.0,85,1,8.05
409,Beidao,CN,2020-12-26 13:58:44,34.57,105.89,27.0,42,97,3.0
410,Seydisehir,TR,2020-12-26 14:00:55,37.42,31.85,47.5,72,100,3.29
411,Laguna,US,2020-12-26 14:00:55,38.42,-121.42,50.0,81,1,5.82
412,Daugavpils,LV,2020-12-26 14:00:56,55.88,26.53,29.48,97,97,6.82
413,Ouadda,CF,2020-12-26 14:00:56,8.08,22.4,96.82,16,0,5.5
414,Campohermoso,ES,2020-12-26 14:00:56,36.94,-2.13,57.2,26,0,9.17
415,Srednekolymsk,RU,2020-12-26 14:00:56,67.45,153.68,-23.78,86,99,8.93
416,Inuvik,CA,2020-12-26 13:56:50,68.35,-133.72,12.2,78,99,6.93
417,Atasu,KZ,2020-12-26 14:00:57,48.68,71.64,5.81,91,0,8.16
418,Haines Junction,CA,2020-12-26 14:00:57,60.75,-137.51,4.51,89,100,2.28
419,Vuktyl,RU,2020-12-26 14:00:57,63.86,57.31,-14.76,88,100,11.3
420,Beatrice,US,2020-12-26 14:00:58,40.27,-96.75,26.01,85,1,2.71
421,Poronaysk,RU,2020-12-26 14:00:58,49.22,143.12,-3.66,87,0,8.12
422,Marsa Matruh,EG,2020-12-26 14:00:58,31.35,27.25,66.2,59,40,5.82
423,Mackenzie,CA,2020-12-26 14:00:08,55.3,-123.17,23.0,92,90,5.82
424,Mitu,CO,2020-12-26 14:00:59,1.2,-70.17,82.36,69,18,4.7
425,Luchegorsk,RU,2020-12-26 14:00:59,46.48,134.26,-10.08,87,0,5.26
426,Yenagoa,NG,2020-12-26 14:00:59,4.92,6.26,92.86,32,25,3.47
427,Asyut,EG,2020-12-26 14:00:59,27.18,31.18,69.8,37,0,12.75
428,Sao Joao Da Barra,BR,2020-12-26 14:01:00,-21.64,-41.05,80.6,69,40,8.41
429,Beringovskiy,RU,2020-12-26 14:01:00,63.05,179.32,-7.33,83,82,12.64
430,Ketchikan,US,2020-12-26 14:01:00,55.34,-131.65,33.15,90,75,4.81
431,Aswan,EG,2020-12-26 14:01:01,24.09,32.91,78.46,31,0,11.81
432,Camacha,PT,2020-12-26 14:01:01,33.08,-16.33,66.2,72,40,28.86
433,Buala,SB,2020-12-26 14:01:01,-8.14,159.59,80.42,81,92,4.83
434,Vanimo,PG,2020-12-26 14:01:01,-2.67,141.3,80.04,78,100,1.39
435,Bac Lieu,VN,2020-12-26 14:01:02,9.29,105.72,77.47,85,63,10.76
436,Siddipet,IN,2020-12-26 14:01:02,18.1,78.85,67.23,37,0,5.66
437,San Jeronimo,PE,2020-12-26 14:01:03,-11.95,-75.28,56.17,59,94,1.59
438,Karpogory,RU,2020-12-26 14:01:04,64.0,44.45,1.2,93,100,7.7
439,Yatou,CN,2020-12-26 14:01:04,37.15,122.38,41.07,83,100,9.35
440,Do Gonbadan,IR,2020-12-26 14:01:04,30.36,50.8,57.2,44,0,4.7
441,Quatre Cocos,MU,2020-12-26 14:01:04,-20.21,57.76,82.4,74,75,16.11
442,Rudnya,RU,2020-12-26 13:56:15,54.95,31.09,30.2,92,90,13.42
443,Griffith,US,2020-12-26 14:01:05,41.53,-87.42,19.99,72,75,6.93
444,Tak,TH,2020-12-26 14:01:05,16.58,98.83,66.74,85,7,2.21
445,Langham,CA,2020-12-26 14:01:05,52.37,-106.97,19.4,85,90,11.41
446,Flin Flon,CA,2020-12-26 14:00:07,54.77,-101.86,10.4,92,90,2.91
447,Borba,BR,2020-12-26 14:01:06,-4.39,-59.59,77.61,87,100,3.78
448,Camana,PE,2020-12-26 14:00:24,-16.62,-72.71,72.36,74,100,5.21
449,Axim,GH,2020-12-26 14:01:06,4.87,-2.24,86.11,65,45,7.34
450,Atyrau,KZ,2020-12-26 14:01:06,47.12,51.88,17.6,78,0,11.18
451,San Cristobal,VE,2020-12-26 14:01:07,7.77,-72.22,75.2,100,75,3.24
452,Ocean City,US,2020-12-26 14:01:07,39.28,-74.57,28.0,53,1,11.41
453,Cabra,ES,2020-12-26 14:01:07,37.47,-4.44,50.0,44,0,4.0
454,Shumskiy,RU,2020-12-26 14:01:07,54.83,99.13,-13.41,82,100,5.3
455,Bilma,NE,2020-12-26 14:01:08,18.69,12.92,75.87,19,1,4.85
456,Hobyo,SO,2020-12-26 14:01:08,5.35,48.53,79.86,70,1,25.57
457,Bucerias,MX,2020-12-26 14:01:08,20.75,-105.33,62.01,93,5,6.93
458,Herning,DK,2020-12-26 14:01:08,56.14,8.97,44.01,93,90,10.29
459,Yumen,CN,2020-12-26 14:01:09,40.28,97.2,21.4,76,0,13.58
460,Grao Mogol,BR,2020-12-26 14:01:09,-16.56,-42.89,80.6,54,56,5.08
461,Los Llanos De Aridane,ES,2020-12-26 14:01:09,28.66,-17.92,69.8,83,75,10.29
462,Brae,GB,2020-12-26 14:01:09,60.4,-1.35,44.6,87,75,32.21
463,Port-Gentil,GA,2020-12-26 14:01:09,-0.72,8.78,86.0,74,40,12.75
464,Grindavik,IS,2020-12-26 14:01:10,63.84,-22.43,24.8,92,40,11.41
465,Vao,NC,2020-12-26 14:01:10,-22.67,167.48,77.18,77,91,9.93
466,Myanaung,MM,2020-12-26 14:01:10,18.28,95.32,74.7,61,0,4.36
467,Fukue,JP,2020-12-26 14:01:10,32.69,128.84,51.04,53,0,3.62
468,Guarapuava,BR,2020-12-26 14:01:10,-25.4,-51.46,75.43,42,13,4.76
469,Kaabong,UG,2020-12-26 14:01:11,3.48,34.15,81.52,24,9,17.45
470,Goba,ET,2020-12-26 14:01:11,7.02,39.98,62.29,31,65,8.52
471,Kieta,PG,2020-12-26 14:01:11,-6.22,155.63,80.82,77,99,3.0
472,Dingle,PH,2020-12-26 14:01:11,11.0,122.67,75.69,94,100,4.32
473,Hami,CN,2020-12-26 14:01:12,42.8,93.45,17.89,78,0,2.39
474,Necochea,AR,2020-12-26 14:01:12,-38.55,-58.74,86.0,56,0,8.86
475,Uvarovo,RU,2020-12-26 14:01:12,51.98,42.26,34.5,100,100,7.92
476,Ust-Omchug,RU,2020-12-26 14:01:12,61.15,149.63,-41.62,75,23,4.45
477,Sur,OM,2020-12-26 14:01:13,22.57,59.53,71.37,73,57,16.46
478,Salta,AR,2020-12-26 14:01:13,-24.79,-65.41,71.6,73,75,1.97
479,Ukiah,US,2020-12-26 14:00:01,39.15,-123.21,48.2,87,90,2.73
480,Gushikawa,JP,2020-12-26 14:01:13,26.35,127.87,66.2,72,40,6.93
481,Hervey Bay,AU,2020-12-26 14:01:13,-25.3,152.85,72.0,80,23,4.0
482,Seydi,TM,2020-12-26 14:01:14,39.48,62.91,31.91,84,100,15.55
483,Pangody,RU,2020-12-26 14:01:14,65.85,74.49,-39.77,81,8,3.04
484,Bonfim,BR,2020-12-26 14:01:14,3.08,-59.95,85.87,59,85,7.27
485,Honiara,SB,2020-12-26 14:01:14,-9.43,159.95,77.0,100,40,4.5
486,Nishihara,JP,2020-12-26 14:01:14,26.18,127.76,66.2,63,75,5.82
487,Oriximina,BR,2020-12-26 14:01:15,-1.77,-55.87,80.38,85,75,1.72
488,Nemuro,JP,2020-12-26 14:01:15,43.32,145.57,21.83,84,2,25.97
489,Lasa,IT,2020-12-26 14:01:15,46.62,10.7,35.01,53,5,10.29
490,Ponta Pora,BR,2020-12-26 14:00:34,-22.54,-55.73,77.0,73,0,12.75
491,Nanortalik,GL,2020-12-26 14:01:16,60.14,-45.24,20.26,84,2,17.38
492,Mehran,IR,2020-12-26 14:01:16,33.12,46.16,53.6,17,0,4.7
493,El Dorado,US,2020-12-26 14:01:16,38.77,-120.52,45.0,96,100,13.67
494,General Roca,AR,2020-12-26 14:01:16,-39.03,-67.58,80.6,39,0,6.93
495,Bundaberg,AU,2020-12-26 14:01:17,-24.85,152.35,70.0,73,4,8.05
496,George,ZA,2020-12-26 14:01:17,-33.96,22.46,75.2,69,20,11.41
497,Darhan,MN,2020-12-26 14:01:17,49.49,105.92,-1.5,90,100,5.82
498,New Amsterdam,GY,2020-12-26 14:01:17,6.25,-57.52,80.96,84,78,2.48
499,Sorland,NO,2020-12-26 14:01:18,67.67,12.69,31.78,99,100,23.55
500,Dagda,LV,2020-12-26 14:01:18,56.1,27.54,27.99,98,100,7.56
501,Belmonte,BR,2020-12-26 14:01:18,-15.86,-38.88,77.0,78,75,8.05
502,Annau,TM,2020-12-26 14:01:18,37.89,58.52,32.0,92,75,4.7
503,Nichinan,JP,2020-12-26 14:01:18,31.6,131.37,37.0,69,22,5.01
504,Esmeraldas,BR,2020-12-26 14:01:19,-19.76,-44.31,73.4,83,75,3.36
505,Hualmay,PE,2020-12-26 14:01:19,-11.1,-77.61,70.63,76,100,5.59
506,Commerce,US,2020-12-26 13:57:20,34.0,-118.16,48.2,66,1,0.27
507,Oksfjord,NO,2020-12-26 14:01:19,70.24,22.35,17.6,72,20,33.33
508,Hofn,IS,2020-12-26 14:01:20,64.25,-15.21,29.46,90,58,14.47
509,Alice Springs,AU,2020-12-26 14:01:20,-23.7,133.88,80.01,78,0,1.12
510,Raudeberg,NO,2020-12-26 14:01:20,61.99,5.14,41.0,88,100,22.32
511,Formosa Do Rio Preto,BR,2020-12-26 14:01:20,-11.05,-45.19,84.97,52,84,7.54
512,Tucurui,BR,2020-12-26 14:01:21,-3.77,-49.67,74.77,91,100,0.74
513,Kruisfontein,ZA,2020-12-26 14:01:21,-34.0,24.73,79.0,57,0,14.0
514,Omaruru,NA,2020-12-26 14:01:21,-21.43,15.93,92.05,23,88,10.85
515,Aginskoye,RU,2020-12-26 14:01:22,51.1,114.53,-4.45,88,62,4.52
516,Buchanan,LR,2020-12-26 14:01:22,5.88,-10.05,82.69,75,100,5.93
517,Port Moresby,PG,2020-12-26 14:01:22,-9.44,147.18,78.55,86,99,3.65
518,Kamaishi,JP,2020-12-26 14:01:23,39.27,141.88,32.25,84,0,12.95
519,Lensk,RU,2020-12-26 14:01:23,60.73,114.93,-32.35,78,99,4.32
520,Santiago Del Estero,AR,2020-12-26 14:01:23,-27.8,-64.26,84.99,64,6,5.64
521,Kaeo,NZ,2020-12-26 14:01:23,-35.1,173.78,54.0,81,4,4.0
522,Tura,IN,2020-12-26 14:01:24,25.52,90.22,58.48,76,0,2.75
523,Itaituba,BR,2020-12-26 14:01:24,-4.28,-55.98,81.84,79,96,2.53
524,Lorengau,PG,2020-12-26 14:01:24,-2.02,147.27,81.93,73,100,0.98
525,Jiaojiang,CN,2020-12-26 14:01:24,28.68,121.44,54.0,85,72,3.22
526,Ponta Delgada,PT,2020-12-26 14:01:25,37.73,-25.67,60.8,67,75,19.46
527,Shimoda,JP,2020-12-26 14:01:25,34.67,138.95,39.0,81,1,8.5
528,Aykhal,RU,2020-12-26 14:01:25,66.0,111.5,-20.2,75,75,4.47
529,Puerto Madero,MX,2020-12-26 14:01:25,14.72,-92.42,68.0,100,5,5.08
530,Svetlyy,RU,2020-12-26 14:01:26,54.67,20.13,37.99,93,75,8.95
531,Pinawa,CA,2020-12-26 14:01:26,50.15,-95.88,0.18,93,56,4.52
532,Manaure,CO,2020-12-26 14:01:26,11.78,-72.44,78.98,74,64,1.79
533,Zhangjiakou,CN,2020-12-26 14:01:27,40.81,114.88,21.49,83,0,3.42
534,Varkaus,FI,2020-12-26 14:01:27,62.32,27.87,23.0,85,90,5.82
535,Sao Filipe,CV,2020-12-26 14:01:27,14.9,-24.5,74.25,69,100,5.75
536,Olden,NO,2020-12-26 14:01:27,61.84,6.81,35.01,96,100,1.99
537,Tres Arroyos,AR,2020-12-26 14:01:28,-38.37,-60.28,90.82,27,0,6.2
538,Ingham,US,2020-12-26 14:01:28,42.6,-84.38,23.0,73,90,6.93
539,Kitgum,UG,2020-12-26 14:01:28,3.28,32.89,95.09,17,11,8.3
540,La Asuncion,VE,2020-12-26 14:01:28,11.03,-63.86,80.46,72,80,10.69
541,Gboko,NG,2020-12-26 14:01:29,7.32,9.0,95.9,15,24,7.63
542,Le Port,RE,2020-12-26 14:01:29,-20.94,55.29,82.4,74,75,18.34
543,Wenling,CN,2020-12-26 14:01:29,28.37,121.36,57.0,80,63,3.0
544,Kilindoni,TZ,2020-12-26 14:01:29,-7.91,39.67,83.19,76,64,15.14
545,Lunca De Sus,RO,2020-12-26 14:01:30,46.53,25.97,35.01,81,100,2.82
546,Jinchang,CN,2020-12-26 14:01:30,38.5,102.17,24.98,67,97,1.3
547,Haapiti,PF,2020-12-26 14:01:30,-17.57,-149.87,78.8,88,75,6.93
548,Bilibino,RU,2020-12-26 14:01:30,68.05,166.44,-35.34,75,17,2.77
549,Vallenar,CL,2020-12-26 14:01:30,-28.57,-70.76,70.18,48,25,5.06
550,Ferme-Neuve,CA,2020-12-26 14:01:31,46.7,-75.45,14.0,78,100,8.05
551,Cockburn Town,TC,2020-12-26 14:01:31,21.46,-71.14,78.13,71,1,7.65
552,Mana,GF,2020-12-26 14:01:31,5.66,-53.78,82.47,73,94,6.31
553,Sirnak,TR,2020-12-26 14:01:31,37.52,42.46,48.2,39,0,5.82
554,Pangnirtung,CA,2020-12-26 14:01:31,66.15,-65.71,-7.42,72,1,2.46
555,San Juan Evangelista,MX,2020-12-26 14:01:32,17.9,-95.13,64.4,88,90,6.93
556,Lana,IT,2020-12-26 14:01:32,46.61,11.16,36.0,35,0,4.81
557,Omboue,GA,2020-12-26 14:01:32,-1.57,9.26,83.59,73,24,10.27
558,Talnakh,RU,2020-12-26 14:01:33,69.49,88.4,-32.8,73,0,6.71
559,Lake Charles,US,2020-12-26 14:00:50,30.21,-93.2,42.01,86,5,5.19
560,Dawlatabad,AF,2020-12-26 14:01:33,36.41,64.91,31.23,97,100,17.67
561,Dabat,ET,2020-12-26 14:01:33,12.98,37.77,68.59,36,72,3.62
562,San Pedro De Macoris,DO,2020-12-26 14:01:33,18.46,-69.3,78.01,88,20,4.7
563,Ostrovnoy,RU,2020-12-26 14:01:34,68.05,39.51,11.17,92,100,16.15
564,Briancon,FR,2020-12-26 14:01:34,44.9,6.65,44.01,50,64,5.82
565,Am Timan,TD,2020-12-26 14:01:34,11.03,20.28,96.91,14,0,5.21
566,Langa,DK,2020-12-26 14:01:34,56.39,9.89,39.99,93,100,5.99
567,Atambua,ID,2020-12-26 14:01:35,-9.11,124.89,74.98,88,100,3.6
568,Eastlake,US,2020-12-26 14:01:35,41.65,-81.45,19.4,57,90,14.99
569,Mehamn,NO,2020-12-26 14:01:35,71.04,27.85,17.83,89,6,27.2
570,Bumba,CD,2020-12-26 14:01:35,2.18,22.47,88.66,49,66,1.16
571,Rognan,NO,2020-12-26 14:01:36,67.1,15.39,30.2,58,75,25.28
572,Kalemie,CD,2020-12-26 13:59:25,-5.95,29.19,80.19,72,12,4.59
573,Puerto Escondido,MX,2020-12-26 14:01:36,15.85,-97.07,69.8,88,75,8.05
574,Orlovo,RU,2020-12-26 14:01:37,51.75,39.59,33.8,86,90,6.71
